id,first_name,last_name,email,gender,ip_address
1,Elfie,Jewitt,ejewitt0@opera.com,Genderqueer,105.95.58.130
2,Cherrita,Hardwich,chardwich1@state.gov,Genderfluid,241.8.204.190
3,Karoly,Helkin,khelkin2@yellowpages.com,Non-binary,55.57.177.96
4,Torrie,Anscombe,tanscombe3@dot.gov,Female,214.55.34.8
5,Bridie,Jain,bjain4@over-blog.com,Female,236.186.50.36
6,Peg,Hawlgarth,phawlgarth5@timesonline.co.uk,Genderqueer,67.55.237.170
7,Pammy,Graber,pgraber6@irs.gov,Bigender,103.2.174.90
8,Scotti,Clawsley,sclawsley7@homestead.com,Agender,229.1.120.103
9,Sarajane,Hurnell,shurnell8@hp.com,Non-binary,147.193.247.46
10,Rufus,Dumbleton,rdumbleton9@woothemes.com,Polygender,215.147.5.156
11,Corabella,Jollye,cjollyea@economist.com,Polygender,92.197.10.19
12,Vitoria,Barnewell,vbarnewellb@theglobeandmail.com,Non-binary,253.172.207.254
13,George,Reidshaw,greidshawc@gnu.org,Non-binary,54.116.112.252
14,Nichole,Folling,nfollingd@aboutads.info,Agender,114.235.117.241
15,Donalt,Palfery,dpalferye@networkadvertising.org,Female,55.254.64.49
16,Darleen,Brookbank,dbrookbankf@clickbank.net,Genderfluid,234.9.21.248
17,Adolph,Cufflin,acuffling@livejournal.com,Female,219.239.169.26
18,Noelyn,Portwaine,nportwaineh@arizona.edu,Genderfluid,2.123.4.140
19,Northrop,MacSporran,nmacsporrani@google.fr,Agender,112.137.12.47
20,Jacques,Somerton,jsomertonj@wufoo.com,Polygender,235.249.117.233
21,Daniela,Lowings,dlowingsk@quantcast.com,Agender,70.17.89.36
22,Lanny,Peery,lpeeryl@xinhuanet.com,Genderfluid,57.24.88.91
23,Bernardina,Wagnerin,bwagnerinm@storify.com,Male,121.40.17.186
24,Amble,Lobb,alobbn@rambler.ru,Bigender,156.104.150.216
25,Beverley,Penfold,bpenfoldo@symantec.com,Male,194.212.79.226
26,Ruben,Torricina,rtorricinap@google.ca,Genderfluid,187.78.148.210
27,Lian,MacShane,lmacshaneq@printfriendly.com,Genderqueer,139.54.51.192
28,Yorgos,Hookes,yhookesr@oracle.com,Polygender,60.227.12.11
29,Lamont,Morratt,lmorratts@a8.net,Polygender,75.11.251.75
30,Sheridan,Winspire,swinspiret@biblegateway.com,Agender,88.110.138.74
31,Cordi,Veevers,cveeversu@hao123.com,Non-binary,98.191.38.165
32,Drud,Ollington,dollingtonv@opera.com,Male,17.100.105.148
33,Flora,Keohane,fkeohanew@ning.com,Genderfluid,100.149.15.64
34,Sigmund,Mantrup,smantrupx@exblog.jp,Agender,77.228.82.137
35,Cull,Clemenceau,cclemenceauy@state.tx.us,Bigender,77.155.51.135
36,Hogan,Muffitt,hmuffittz@skyrock.com,Female,215.214.114.237
37,Agnella,Reiner,areiner10@dell.com,Genderqueer,168.129.128.143
38,Ulrike,Armin,uarmin11@goodreads.com,Male,177.189.27.247
39,Esme,Alvis,ealvis12@va.gov,Agender,78.4.21.251
40,Gale,Boffin,gboffin13@ucoz.com,Agender,121.168.128.156
41,Kirsti,Kingh,kkingh14@fema.gov,Polygender,83.86.79.241
42,Irv,Keyse,ikeyse15@feedburner.com,Female,34.138.55.70
43,Shara,Vedyashkin,svedyashkin16@ihg.com,Non-binary,133.249.65.12
44,Malissia,Archbutt,marchbutt17@toplist.cz,Bigender,192.82.130.146
45,Venus,Waylett,vwaylett18@icio.us,Non-binary,111.76.1.138
46,Catharine,Cultcheth,ccultcheth19@google.pl,Genderqueer,22.0.86.87
47,Tabbatha,Bisson,tbisson1a@typepad.com,Polygender,64.62.153.153
48,Tammi,Master,tmaster1b@hatena.ne.jp,Non-binary,196.194.76.149
49,Borg,Antwis,bantwis1c@wp.com,Bigender,246.40.114.34
50,Jyoti,Marshland,jmarshland1d@artisteer.com,Female,139.3.34.113
51,Marla,Steen,msteen1e@sohu.com,Female,150.25.232.255
52,Beryle,Kalaher,bkalaher1f@addtoany.com,Genderfluid,39.160.0.254
53,Ronny,Charville,rcharville1g@wordpress.com,Agender,105.23.83.31
54,Lorine,Kerins,lkerins1h@wikipedia.org,Polygender,255.83.232.108
55,Charissa,Flukes,cflukes1i@blinklist.com,Bigender,136.172.180.202
56,Bobbye,Annear,bannear1j@shareasale.com,Genderqueer,202.208.82.43
57,Rhona,Powling,rpowling1k@tuttocitta.it,Polygender,176.69.224.54
58,Adlai,Bratton,abratton1l@mozilla.org,Polygender,139.229.33.212
59,Manny,Brownsmith,mbrownsmith1m@google.co.uk,Non-binary,66.140.247.18
60,Betsy,Ingleton,bingleton1n@epa.gov,Female,174.158.182.220
61,Stan,Havill,shavill1o@opera.com,Polygender,9.248.14.206
62,Eda,Warren,ewarren1p@mediafire.com,Female,165.128.63.204
63,Harlan,Dani,hdani1q@vkontakte.ru,Non-binary,105.182.149.140
64,Carroll,Markey,cmarkey1r@cloudflare.com,Genderfluid,63.33.35.154
65,Mattheus,Boyson,mboyson1s@admin.ch,Polygender,28.185.151.83
66,Lorens,Gidley,lgidley1t@artisteer.com,Male,40.104.144.225
67,Winfield,Schade,wschade1u@miitbeian.gov.cn,Bigender,188.7.209.105
68,Bernarr,Fishby,bfishby1v@nymag.com,Genderfluid,183.20.213.146
69,Flora,Coger,fcoger1w@time.com,Genderfluid,67.112.209.69
70,Trevar,Urridge,turridge1x@time.com,Male,235.216.3.11
71,Dorelia,Mc Combe,dmccombe1y@tuttocitta.it,Male,54.238.155.224
72,Thorndike,Callicott,tcallicott1z@usa.gov,Female,193.46.174.225
73,Pris,Jerrans,pjerrans20@mail.ru,Female,37.0.233.7
74,Verne,Tinkham,vtinkham21@chicagotribune.com,Bigender,251.57.250.176
75,Starr,Gladding,sgladding22@merriam-webster.com,Non-binary,146.231.104.232
76,Charline,Carnell,ccarnell23@github.io,Female,41.234.95.254
77,Nannette,Tatersale,ntatersale24@nydailynews.com,Genderfluid,115.15.98.232
78,Irena,Raye,iraye25@netvibes.com,Female,198.35.20.245
79,Yettie,Thurstan,ythurstan26@foxnews.com,Male,30.143.9.45
80,Nye,Collidge,ncollidge27@auda.org.au,Agender,131.152.162.253
81,Mattheus,Boots,mboots28@indiatimes.com,Bigender,211.1.212.87
82,Leopold,Holtum,lholtum29@unicef.org,Polygender,186.0.8.11
83,Gae,Wetter,gwetter2a@netlog.com,Female,233.31.129.234
84,Sarita,Careswell,scareswell2b@etsy.com,Agender,116.228.247.98
85,Nickey,Arndell,narndell2c@ted.com,Bigender,255.21.234.234
86,Deonne,Bagniuk,dbagniuk2d@e-recht24.de,Female,6.47.205.49
87,Kippar,Zimmerman,kzimmerman2e@netscape.com,Female,238.83.188.99
88,Dallas,Knibbs,dknibbs2f@webmd.com,Polygender,61.80.237.34
89,Nonna,Harnott,nharnott2g@deliciousdays.com,Female,42.103.55.101
90,Herbert,Korejs,hkorejs2h@ow.ly,Bigender,231.82.16.134
91,Loy,Hollows,lhollows2i@mtv.com,Genderfluid,142.238.34.113
92,Dora,Pietzner,dpietzner2j@jimdo.com,Agender,96.143.82.51
93,Heath,Antonoyev,hantonoyev2k@discuz.net,Polygender,155.167.23.41
94,Pearce,Constant,pconstant2l@prweb.com,Genderqueer,92.241.130.68
95,Pebrook,Sabater,psabater2m@ow.ly,Genderqueer,173.141.118.230
96,Roxi,Eric,reric2n@mozilla.org,Bigender,91.225.31.55
97,Vivien,Blemen,vblemen2o@ft.com,Genderqueer,116.214.45.104
98,Gunther,Skurm,gskurm2p@loc.gov,Genderfluid,174.96.55.51
99,Bern,Hriinchenko,bhriinchenko2q@squidoo.com,Agender,134.247.13.224
100,Elsa,Tyrer,etyrer2r@nationalgeographic.com,Female,113.247.29.26
